"","X0C11","X1G13","G07","X1F02","FIR031","GOT009","POR016","FIR013","FIR043","GOTO40","PIE039","FIR53","FIR048","PIE125","QpZAG9"
"Observed frequency",-0.00181,0.0374,0.00149,0.132,0.0939,0.0525,0.0299,0.0531,0.0984,0.0494,-0.00203,0.041,0.0301,-0.0117,0.0706
"Median frequency",-0.00229,0.0367,0.00121,0.132,0.0932,0.0515,0.0289,0.0525,0.0975,0.0491,-0.00248,0.0408,0.0299,-0.0118,0.0696
"2.5th percentile",-0.0195,0.0167,-0.00395,0.101,0.0693,0.0284,0.00916,0.0259,0.0712,0.0252,-0.0184,0.0125,0.012,-0.0336,0.0456
"97.5th percentile",0.015,0.0574,0.0105,0.166,0.121,0.0762,0.0536,0.082,0.125,0.0769,0.0147,0.0702,0.0482,0.00779,0.0921
