"","X0C11","X1G13","G07","X1F02","FIR031","GOT009","POR016","FIR013","FIR043","GOTO40","PIE039","FIR53","FIR048","PIE125","QpZAG9"
"Observed frequency",-0.00181,0.0374,0.00149,0.132,0.0939,0.0525,0.0299,0.0531,0.0984,0.0494,-0.00203,0.041,0.0301,-0.0117,0.0706
"Median frequency",-0.00224,0.0361,0.00114,0.132,0.0929,0.0514,0.0282,0.0524,0.0974,0.0489,-0.00239,0.0392,0.0295,-0.0119,0.0697
"2.5th percentile",-0.0178,0.0172,-0.00392,0.101,0.0684,0.0292,0.00915,0.0229,0.0702,0.0248,-0.0184,0.013,0.0117,-0.0313,0.0465
"97.5th percentile",0.015,0.0601,0.0109,0.164,0.12,0.077,0.053,0.0812,0.126,0.0758,0.0157,0.0705,0.0487,0.0095,0.0968
