"","Garden Mean","Wild Mean","P-Value"
"Expected Heterozygosity",0.614262413259131,0.597076192118436,0.917411260192024
"Allelic Richness",11.6320564207839,9.22591357543819,0.140893622888449
