"","All_Rich","Hexp"
"Mean_Garden",11.6320564207839,0.614262413259131
"Mean_Wild",9.22591357543819,0.597076192118436
"p-value",0.140893622888449,0.917411260192024
